SOC4,Intercept,Coefficient,SOC 4 digit label,SOC2,Value,WeightedRoles
1172.0,178.93387096774194,-0.8738911290322585,Social services managers and directors,11,7549.0,-0.0005504399998718828
1171.0,569.1935483870967,-2.4107862903225765,Health services and public health managers and directors,11,24696.0,-0.00496762220213462
1112.0,229.64516129032256,-2.1441532258064506,Elected officers and representatives,11,8504.0,-0.0015213961018874947
1111.0,228.5435483870967,-2.115120967741932,Chief executives and senior officials,11,8403.0,-0.0014829714973665302
1150.0,519.8483870967741,-1.907358870967741,Managers and directors in retail and wholesale,11,22739.0,-0.0036188201940460787
1132.0,841.9080645161289,-2.9680443548387,"Marketing, sales and advertising directors",11,37216.0,-0.009216442326671547
1121.0,1406.0596774193546,-3.03245967741934,Production managers and directors in manufacturing,11,64406.0,-0.016296134196793235
1134.0,689.0580645161292,0.5901209677419242,Purchasing managers and directors,11,33998.0,0.0016740084481923758
1131.0,1773.7193548387108,-1.1921370967742622,Financial managers and directors,11,83789.0,-0.00833444029261818
1135.0,26.393548387096775,0.052016129032257975,Charitable organisation managers and directors,11,1353.0,5.872175895436077e-06
1162.0,15.979032258064514,0.05120967741935489,Senior police officers,11,846.0,3.6148113154084505e-06
1137.0,412.8419354838709,-2.380241935483868,Information technology directors,11,16979.0,-0.0033720689065492135
1140.0,73.2516129032258,-0.0363911290322576,"Directors in logistics, warehousing and transport",11,3506.0,-1.064561293145997e-05
1161.0,73.36774193548389,-0.03760080645161412,Officers in armed forces,11,3507.0,-1.1002621052778272e-05
1133.0,98.6693548387097,-0.5917338709677429,Public relations and communications directors,11,4102.0,-0.0002025281124066429
1139.0,709.6338709677422,0.35453629032256107,Functional managers and directors n.e.c.,11,34718.0,0.001027019346941662
1136.0,2049.158064516128,-11.283064516128972,Human resource managers and directors,11,85816.0,-0.08079017873778721
1123.0,35.74354838709677,-0.11804435483870966,Production managers and directors in mining and energy,11,1599.0,-1.5749142645564402e-05
1163.0,118.56129032258063,-0.2966733870967733,"Senior officers in fire, ambulance, prison and related services",11,5376.0,-0.00013307641107272765
1122.0,1051.3645161290326,-7.859475806451637,Production managers and directors in construction,11,41369.0,-0.02712887810995675
1232.0,1016.8661290322578,-7.2804435483870815,"Residential, day and domiciliary care managers and proprietors",12,40571.0,-0.024645451630573165
1224.0,436.56290322580656,-3.0371975806451705,Leisure and sports managers and proprietors,12,17342.0,-0.004394762975406983
1259.0,448.47419354838706,-1.8658266129032233,Managers and proprietors in other services n.e.c.,12,19330.0,-0.003009306112067854
1252.0,32.87903225806452,-0.2278225806451616,Garage managers and proprietors,12,1343.0,-2.552912968927752e-05
1223.0,44.78548387096774,-0.23608870967741932,Publicans and managers of licensed premises,12,1903.0,-3.7486702257046975e-05
1243.0,242.6709677419355,-2.0399193548387116,Managers in logistics,12,9278.0,-0.0015791762240601926
1253.0,52.08870967741937,-0.22782258064516173,Hairdressing and beauty salon managers and proprietors,12,2278.0,-4.3302574409660644e-05
1254.0,84.32580645161292,-0.4059475806451624,Waste disposal and environmental services managers,12,3597.0,-0.0001218354369479301
1225.0,32.737096774193546,0.04364919354838721,Travel agency managers and proprietors,12,1623.0,5.910959366926181e-06
1257.0,135.13225806451612,0.2639112903225801,Hire services managers and proprietors,12,6865.0,0.0001511686523961073
1211.0,68.65806451612903,0.15191532258064536,Managers and proprietors in agriculture and horticulture,12,3504.0,4.441492239005966e-05
1255.0,159.82096774193545,-0.2796370967741923,Managers and directors in the creative industries,12,7363.0,-0.00017179590791866124
1221.0,334.90161290322584,-2.708064516129035,Hotel and accommodation managers and proprietors,12,12933.0,-0.0029222779029473016
1241.0,496.92258064516153,-2.1630040322580806,Managers in transport and distribution,12,21499.0,-0.0038800633701906073
1212.0,96.26451612903222,-0.6606854838709659,"Managers and proprietors in forestry, fishing and related services",12,3917.0,-0.00021592929477245648
1251.0,1049.5467741935486,-6.031149193548396,"Property, housing and estate managers",12,43190.0,-0.021734342459018882
1256.0,11.872580645161293,-0.035887096774193716,Betting shop and gambling establishment managers,12,555.0,-1.6618603983972845e-06
1222.0,432.24193548387086,-2.4178427419354787,Restaurant and catering establishment managers and proprietors,12,17990.0,-0.0036292964499620366
1233.0,6.672580645161291,-0.11814516129032261,Early education and childcare services proprietors,12,205.0,-2.020845122577841e-06
1258.0,65.19193548387098,-0.4817540322580648,Directors in consultancy services,12,2571.0,-0.00010334528444058741
1242.0,1094.132258064516,-6.280443548387094,Managers in storage and warehousing,12,44996.0,-0.023579112488290595
1231.0,139.06451612903226,-0.46219758064516125,Health care practice managers,12,6128.0,-0.00023632499337240855
2161.0,641.4387096774194,0.298689516129028,Research and development (R&D) managers,21,31455.0,0.0007839220831966198
2162.0,87.66935483870968,-0.20967741935483936,"Other researchers, unspecified discipline",21,3998.0,-6.994516234137085e-05
2121.0,815.3725806451611,-0.2501008064516015,Civil engineers,21,39185.0,-0.0008177078615420241
2136.0,270.9032258064516,-0.2056451612903186,IT quality and testing professionals,21,12802.0,-0.00021966433400837288
2114.0,168.69838709677424,-0.46048387096774435,Physical scientists,21,7571.0,-0.0002908914116225448
2113.0,343.72741935483873,-1.1941532258064513,Biochemists and biomedical scientists,21,15093.0,-0.0015038303939224496
2115.0,338.4258064516129,-1.509979838709679,Social and humanities scientists,21,14396.0,-0.0018137449511170486
2142.0,522.8338709677421,-1.475504032258069,Graphic and multimedia designers,21,23556.0,-0.0029000479337128707
2126.0,42.75645161290321,0.12812500000000074,Aerospace engineers,21,2223.0,2.3764931729045654e-05
2137.0,340.2274193548388,-0.10846774193548837,IT network professionals,21,16350.0,-0.0001479726958439374
2124.0,206.88387096774193,-1.1817540322580637,Electronics engineers,21,8474.0,-0.0008355621955804486
2135.0,820.0435483870967,-1.0909274193548348,Cyber security professionals,21,38301.0,-0.0034863356788033613
2119.0,185.29677419354834,-0.9520161290322553,Natural and social science professionals n.e.c.,21,7836.0,-0.0006224464057339135
2133.0,2664.504838709677,-0.8682459677419403,"IT business analysts, architects and systems designers",21,127718.0,-0.009252479127645773
2151.0,152.90806451612903,-0.8652217741935488,Conservation professionals,21,6359.0,-0.0004590706157336944
2112.0,171.75161290322586,-0.7349798387096802,Biological scientists,21,7390.0,-0.0004531928969391681
2122.0,815.0145161290322,-0.6632056451612904,Mechanical engineers,21,38679.0,-0.002140359287590206
2125.0,453.24032258064534,-0.41471774193549266,Production and process engineers,21,21374.0,-0.0007396080853076518
2111.0,174.26935483870972,-0.5309475806451626,Chemical scientists,21,7745.0,-0.0003431123088049722
2141.0,237.8048387096774,0.15131048387096924,Web design professionals,21,11648.0,0.00014705629229030286
2134.0,5128.495161290322,49.43629032258063,Programmers and software development professionals,21,303615.0,1.2523690545855009
2127.0,560.8516129032257,-1.2412298387096694,Engineering project managers and project engineers,21,25588.0,-0.0026500360337225032
2139.0,967.3322580645163,-5.4900201612903325,Information technology professionals n.e.c.,21,40250.0,-0.018437543329658107
2131.0,614.2177419354839,1.5267137096774162,IT project managers,21,31678.0,0.004035325668048358
2152.0,691.2935483870965,1.1016129032258197,Environment professionals,21,34727.0,0.003191975219812744
2123.0,457.65322580645164,-2.714213709677419,Electrical engineers,21,18757.0,-0.004247864432847267
2129.0,1431.5258064516129,0.7992943548387133,Engineering professionals n.e.c.,21,70251.0,0.004685139065635523
2132.0,2303.467741935483,5.576612903225864,IT managers,21,117384.0,0.05461886029973928
2235.0,552.9661290322582,-0.1697580645161402,Registered mental health nurses,22,26489.0,-0.00037519687132737045
2233.0,603.3548387096774,-1.3639112903225856,Registered specialist nurses,22,27448.0,-0.003123633410425006
2237.0,3680.433870967742,-14.476713709677428,Other registered nursing professionals,22,161996.0,-0.19567597520000307
2256.0,74.11935483870967,0.07822580645161369,Podiatrists,22,3636.0,2.373215376582805e-05
2224.0,150.0741935483871,-0.15332661290322447,Psychotherapists and cognitive behaviour therapists,22,6981.0,-8.930965461120745e-05
2236.0,316.0790322580645,-0.14506048387096745,Registered children's nurses,22,15030.0,-0.00018191618186458124
2259.0,1401.5435483870972,-0.8358870967742095,Other health professionals n.e.c.,22,66338.0,-0.004626720080184423
2254.0,393.22419354838706,-0.9575604838709689,Medical radiographers,22,17995.0,-0.0014377431145821524
2225.0,227.80483870967743,0.358467741935483,Clinical psychologists,22,11487.0,0.00034357371520174593
2231.0,188.75806451612908,-0.7409274193548409,Midwifery nurses,22,8015.0,-0.0004954985906199183
2234.0,806.1000000000001,-0.706350806451621,Registered nurse practitioners,22,37981.0,-0.0022384637735562026
2255.0,94.1806451612903,1.0481854838709688,Paramedics,22,5733.0,0.0005013988258649285
2212.0,1694.1241935483868,1.1802419354838942,Specialist medical practitioners,22,81864.0,0.008061711136115418
2229.0,449.0403225806453,-0.03931451612904072,Therapy professionals n.e.c.,22,21520.0,-7.059247875124845e-05
2211.0,332.0548387096774,-0.35927419354838597,Generalist medical practitioners,22,15535.0,-0.0004656938586615961
2251.0,794.5451612903225,0.13629032258064575,Pharmacists,22,38536.0,0.000438222712454126
2240.0,663.3129032258065,1.9502016129032225,Veterinarians,22,34369.0,0.0055925469314153905
2222.0,768.4854838709676,0.47066532258064747,Occupational therapists,22,37619.0,0.0014773475575574379
2226.0,424.641935483871,0.4820564516129034,Other psychologists,22,21047.0,0.0008465474982277193
2252.0,355.8129032258065,-0.20201612903226415,Optometrists,22,16980.0,-0.00028621142164101814
2232.0,794.6322580645159,-0.23407258064514924,Registered community nurses,22,38196.0,-0.0007459876845966692
2253.0,435.0854838709679,0.5117943548387001,Dental practitioners,22,21652.0,0.0009246060686007455
2221.0,740.4983870967741,0.5661290322580659,Physiotherapists,22,36443.0,0.001721443518823851
2223.0,318.30967741935484,-0.19475806451612904,Speech and language therapists,22,15086.0,-0.00024515049992138675
2315.0,499.61129032258066,0.8433467741935481,Nursery education teaching professionals,23,25068.0,0.0017639615080631327
2324.0,311.0435483870968,-0.03145161290322436,Early education and childcare services managers,23,14981.0,-3.93139748762891e-05
2313.0,2101.016129032258,6.6723790322580685,Secondary education teaching professionals,23,110923.0,0.06175406431267523
2314.0,1521.893548387097,-0.03971774193549794,Primary education teaching professionals,23,73088.0,-0.00024221099707689368
2322.0,534.1887096774193,-0.5531249999999914,Education managers,23,25103.0,-0.0011585429640386755
2323.0,200.85,-1.107056451612903,Education advisers and school inspectors,23,8270.0,-0.000763903512011817
2329.0,239.4612903225807,0.06844758064515723,Other educational professionals n.e.c,23,11649.0,6.652884400875902e-05
2321.0,324.5677419354839,0.7810483870967692,Head teachers and principals,23,16553.0,0.0010787427373891221
2311.0,971.3806451612899,-6.182056451612872,Higher education teaching professionals,23,40059.0,-0.020663139141012095
2317.0,783.5822580645163,-0.5242943548387196,Teachers of English as a foreign language,23,37297.0,-0.0016315947983510776
2319.0,654.217741935484,1.9374999999999902,Teaching professionals n.e.c.,23,33872.0,0.005475777359383166
2312.0,76.3,0.082056451612903,Further education teaching professionals,23,3735.0,2.5572110287697352e-05
2316.0,802.9129032258066,-1.2657258064516272,Special and additional needs education teaching professionals,23,37387.0,-0.003948421269966745
2455.0,336.4677419354839,0.10987903225806352,Construction project managers and related professionals,24,16354.0,0.00014993466343442562
2453.0,1225.4983870967744,2.176512096774182,Quantity surveyors,24,61569.0,0.011181148487816994
2412.0,1956.9467741935482,2.2432459677419407,Solicitors and lawyers,24,97008.0,0.018157149798827963
2461.0,1293.4677419354841,0.020161290322563915,Social workers,24,62525.0,0.00010518050552657506
2462.0,50.009677419354844,-0.12409274193548425,Probation officers,24,2289.0,-2.3700385131731587e-05
2452.0,316.87419354838704,-0.8076612903225766,"Chartered architectural technologists, planning officers and consultants",24,14292.0,-0.0009631313200572771
2451.0,295.78709677419357,-0.9025201612903218,Architects,24,13181.0,-0.0009925868157285174
2423.0,675.9612903225805,1.0175403225806559,Taxation experts,24,33948.0,0.002882232770055491
2432.0,1447.582258064516,0.0009072580645110387,Marketing and commercial managers,24,70024.0,5.3007946797776194e-06
2433.0,768.4112903225806,0.12046370967742098,"Actuaries, economists and statisticians",24,37524.0,0.0003771625734355957
2435.0,11.893548387096773,-0.013508064516128966,Professional/Chartered company secretaries,24,579.0,-6.525817434459484e-07
2419.0,956.8725806451615,-6.3388104838709785,Legal professionals n.e.c.,24,38880.0,-0.02056351033256281
2471.0,58.36774193548385,-0.17116935483870793,Librarians,24,2598.0,-3.710465436244187e-05
2472.0,21.02096774193549,0.03548387096774164,"Archivists, conservators and curators",24,1098.0,3.2508472342289127e-06
2491.0,83.65483870967742,-0.1679435483870967,"Newspaper, periodical and broadcast editors",24,3859.0,-5.40755983205463e-05
2463.0,213.3403225806451,-1.0414314516128995,Clergy,24,9044.0,-0.0007858768088506778
2439.0,234.43870967741947,0.5890120967741875,"Business, research and administrative professionals n.e.c.",24,12026.0,0.000591028799483885
2431.0,1830.7096774193544,-7.139616935483846,Management consultants and business analysts,24,78850.0,-0.04697208505514211
2469.0,197.6483870967742,-1.0128024193548397,Welfare professionals n.e.c.,24,8341.0,-0.0007048652190339077
2483.0,49.2483870967742,-0.11179435483871002,Environmental health professionals,24,2263.0,-2.1108999901126184e-05
2481.0,202.75967741935486,-1.0303427419354847,Quality control and planning engineers,24,8549.0,-0.0007349541780728153
2422.0,2388.443548387096,0.2550403225806915,Finance and investment analysts and advisers,24,116709.0,0.0024835701237400296
2492.0,74.9741935483871,0.16340725806451584,Newspaper and periodical broadcast journalists and reporters,24,3840.0,5.235592018564433e-05
2421.0,789.0064516129033,-0.4454637096774289,Chartered and certified accountants,24,37650.0,-0.0013993957153279294
2411.0,64.1983870967742,-0.3697580645161297,Barristers and judges,24,2629.0,-8.110945268617014e-05
2434.0,943.2080645161287,-5.827520161290304,Business and related research professionals,24,38915.0,-0.01892186978239921
2493.0,776.1935483870969,-0.0751008064516225,Public relations professionals,24,37514.0,-0.00023507216360049165
2482.0,1440.777419354839,-1.8746975806451793,Quality assurance and regulatory professionals,24,67117.0,-0.010498493530866591
2464.0,36.69193548387096,-0.08860887096774141,Youth work professionals,24,1689.0,-1.2487344190368117e-05
2454.0,482.6467741935485,0.08457661290321977,Chartered surveyors,24,23457.0,0.00016553353379595404
2494.0,256.3967741935482,-0.22893145161289338,Advertising accounts managers and creative directors,24,12100.0,-0.00023112879883387311
2440.0,2790.1661290322586,3.031451612903196,Business and financial project management professionals,24,140592.0,0.03556104211912894
3119.0,822.4741935483871,0.3821572580645161,"Science, engineering and production technicians n.e.c.",31,40199.0,0.0012818009578614109
3116.0,311.26774193548385,-0.610987903225806,"Planning, process and production technicians",31,14288.0,-0.0007283955490308329
3132.0,3997.36935483871,-24.469153225806494,IT user support technicians,31,162789.0,-0.33235883329453303
3115.0,521.8951612903224,-0.5307459677419323,Quality assurance technicians,31,24562.0,-0.0010877113499853641
3120.0,637.1580645161289,0.9417338709677499,"CAD, drawing and architectural technicians",31,32286.0,0.002536913521071173
3133.0,618.8387096774194,-1.0947580645161292,Database administrators and web content technicians,31,28517.0,-0.002604864989243311
3114.0,191.81935483870964,-0.739213709677416,Building and civil engineering technicians,31,8391.0,-0.0005175436255260818
3131.0,1745.559677419355,-4.547076612903238,IT operations technicians,31,78382.0,-0.0297380058325228
3112.0,266.7983870967741,0.08014112903226234,Electrical and electronics technicians,31,12945.0,8.656069628260374e-05
3113.0,965.0725806451616,-4.878528225806471,Engineering technicians,31,40960.0,-0.01667293280614779
3111.0,455.6080645161289,0.16310483870968406,Laboratory technicians,31,22199.0,0.00030210887678990103
3223.0,472.22419354838695,-0.18437499999999335,Housing officers,32,22354.0,-0.00034389076230092043
3214.0,115.76290322580647,-0.10312500000000106,Complementary health associate professionals,32,5459.0,-4.697213341882983e-05
3211.0,157.3193548387097,0.12419354838709656,Dispensing opticians,32,7749.0,8.029859131433519e-05
3231.0,482.1048387096777,0.6068548387096601,Higher level teaching assistants,32,24057.0,0.0012181184387971338
3224.0,180.94354838709674,-0.6658266129032234,Counsellors,32,7903.0,-0.0004390524062251475
3222.0,532.4370967741936,0.05080645161289668,Child and early years officers,32,25856.0,0.00010960829780504629
3221.0,811.4209677419358,0.18084677419353667,Youth and community workers,32,39591.0,0.0005974072212222823
3213.0,618.4870967741936,2.5315524193548353,Medical and dental technicians,32,32918.0,0.006953181969269203
3240.0,374.7887096774194,0.2274193548387102,Veterinary nurses,32,18324.0,0.0003477050002285802
3219.0,112.30483870967744,-0.7161290322580658,Health associate professionals n.e.c.,32,4539.0,-0.00027121561701843607
3212.0,319.8548387096774,-0.4329637096774174,Pharmaceutical technicians,32,14886.0,-0.0005377652569079705
3229.0,1457.874193548387,1.0370967741935535,Welfare and housing associate professionals n.e.c.,32,72111.0,0.006239991980274564
3232.0,812.5854838709678,0.13276209677419137,Early education and childcare practitioners,32,39359.0,0.0004359948791619665
3313.0,124.72741935483867,0.3804435483870992,Fire service officers (watch manager and below),33,6406.0,0.00020334822596209146
3319.0,469.32096774193536,-0.5805443548387007,Protective service associate professionals n.e.c.,33,21869.0,-0.001059320948869483
3314.0,232.19354838709677,0.23588709677419356,Prison service officers (below principal officer),33,11585.0,0.0002280150184943412
3312.0,81.26451612903227,0.1412298387096767,Police officers (sergeant and below),33,4072.0,4.798411202918019e-05
3311.0,96.49193548387095,0.7328629032258076,Non-commissioned officers and other ranks,33,5442.0,0.0003327702600178511
3414.0,628.4032258064517,1.3306451612903234,Dancers and choreographers,34,31930.0,0.003545066673119198
3431.0,63.03225806451613,-0.19657258064516112,Sports players,34,2814.0,-4.615409739915664e-05
3422.0,72.36774193548385,0.11260080645161431,"Clothing, fashion and accessories designers",34,3636.0,3.4160845046945876e-05
3413.0,139.43709677419355,-0.10947580645161258,"Actors, entertainers and presenters",34,6555.0,-5.9876179136970395e-05
3433.0,445.43548387096774,0.06754032258064505,Fitness and wellbeing instructors,34,21458.0,0.00012092486226997588
3411.0,60.903225806451616,0.0645161290322579,Artists,34,3016.0,1.6235395360878387e-05
3415.0,63.887096774193566,-0.21673387096774271,Musicians,34,2820.0,-5.099635385910885e-05
3421.0,242.86774193548382,0.019354838709680307,Interior designers,34,11781.0,1.902545020688368e-05
3416.0,456.03225806451616,-0.38608870967742087,"Arts officers, producers and directors",34,21512.0,-0.0006929966272392684
3417.0,446.5935483870969,0.958366935483864,"Photographers, audio-visual and broadcasting equipment operators",34,22770.0,0.0018207825488825026
3432.0,465.8322580645161,1.0170362903225827,"Sports coaches, instructors and officials",34,23710.0,0.0020120150908699724
3412.0,585.6999999999999,1.280342741935485,"Authors, writers and translators",34,29848.0,0.0031886342731322417
3429.0,293.54677419354846,-1.1027217741935558,Design occupations n.e.c.,34,12852.0,-0.001182496589846994
3541.0,883.6838709677417,-2.4313508064515976,"Estimators, valuers and assessors",35,40009.0,-0.008116495493755883
3554.0,2355.3774193548393,-2.5497983870968057,Advertising and marketing associate professionals,35,112539.0,-0.02394264486258303
3552.0,3468.048387096775,-17.712197580645203,Business sales executives,35,148471.0,-0.2194205562549389
3573.0,523.7258064516132,-0.6219758064516286,Information technology trainers,35,24553.0,-0.0012742108112795355
3555.0,601.2822580645162,-2.0196572580645213,Estate agents and auctioneers,35,26554.0,-0.004474771418243215
3533.0,875.3225806451613,-2.826108870967747,Financial and accounting technicians,35,39038.0,-0.0092053366951709
3549.0,1228.8322580645158,-4.657862903225789,Business associate professionals n.e.c.,35,53959.0,-0.02097074329338136
3571.0,2826.5870967741935,-4.057862903225801,Human resources and industrial relations officers,35,132888.0,-0.04499314645339975
3534.0,1203.2209677419353,-4.133770161290313,Financial accounts managers,35,53401.0,-0.018418698793285088
3572.0,570.6693548387096,-1.3770161290322591,Careers advisers and vocational guidance specialists,35,25888.0,-0.002974409482913561
3553.0,342.05806451612904,-0.42903225806451717,Merchandisers,35,15917.0,-0.0005697894363156605
3551.0,1145.6096774193547,-8.26189516129032,Buyers and procurement officers,35,45350.0,-0.031262247788334474
3520.0,530.908064516129,-1.18578629032258,Legal associate professionals,35,24335.0,-0.002407692419210234
3582.0,916.5258064516128,-3.049495967741925,Health and safety managers and officers,35,40653.0,-0.01034388999689298
3560.0,497.1080645161288,-0.2532258064516009,Public services associate professionals,35,23686.0,-0.000500452562991433
3556.0,4641.3,-39.997076612903264,Sales accounts and business development managers,35,176320.0,-0.5884276298167832
3532.0,235.59999999999994,0.4665322580645198,Insurance underwriters,35,11980.0,0.0004663389881917008
3531.0,296.80645161290306,-0.10332661290321768,Brokers,35,14108.0,-0.0001216300468827898
3574.0,2476.741935483871,4.133568548387078,Other vocational and industrial trainers,35,124383.0,0.042899220544576476
3543.0,769.141935483871,-0.12681451612903022,Project support officers,35,37063.0,-0.0003921685554601325
3544.0,799.6887096774193,0.18528225806451806,Data analysts,35,38833.0,0.000600341004535218
3512.0,86.14677419354838,-0.029838709677418623,Ship and hovercraft officers,35,4167.0,-1.0374490307297802e-05
3542.0,61.98709677419352,-0.14889112903225618,Importers and exporters,35,2811.0,-3.492150070606565e-05
3511.0,27.466129032258067,0.02681451612903204,Aircraft pilots and air traffic controllers,35,1378.0,3.0830630899469583e-06
3557.0,713.2612903225809,1.0819556451612822,Events managers and organisers,35,35825.0,0.00323414052422372
3581.0,236.73225806451615,0.5333669354838699,Inspectors of standards and regulations,35,12040.0,0.0005358161582637742
4143.0,701.9403225806454,0.622177419354822,Customer service managers,41,34719.0,0.0018023730417719255
4121.0,568.4645161290322,-0.7553427419354819,Credit controllers,41,26498.0,-0.0016700150543457074
4111.0,253.8645161290323,0.4726814516129016,National government administrative occupations,41,12830.0,0.000506009239425691
4135.0,80.53225806451614,0.05997983870967616,Library clerks and assistants,41,3980.0,1.991826910337336e-05
4141.0,597.7016129032259,-2.37247983870968,Office managers,41,26041.0,-0.005154937663968045
4136.0,661.5290322580643,-0.5451612903225715,Human resources administrative occupations,41,31499.0,-0.0014327981336508435
4124.0,146.508064516129,0.06250000000000121,Finance officers,41,7164.0,3.735930809977406e-05
4134.0,725.0596774193549,-0.49818548387096706,Transport and distribution clerks and assistants,41,34539.0,-0.0014357011828920094
4152.0,401.4903225806452,-1.0316532258064564,Data entry administrators,41,18066.0,-0.001555102345098166
4131.0,2248.9774193548383,-5.061088709677387,Records clerks and assistants,41,101462.0,-0.04284603106152476
4151.0,803.7193548387096,-0.20171370967741384,Sales administrators,41,38666.0,-0.0006507705528040243
4122.0,4456.912903225806,-12.769254032258047,"Book-keepers, payroll managers and wages clerks",41,201395.0,-0.2145741698725536
4133.0,1119.1241935483872,-10.753729838709688,Stock control clerks and assistants,41,41529.0,-0.03726265754399572
4142.0,1273.683870967742,0.8947580645161317,Office supervisors,41,62749.0,0.004684633938465631
4159.0,4144.672580645162,-25.452822580645215,Other administrative occupations n.e.c.,41,170508.0,-0.3621128532774734
4129.0,2996.116129032258,-6.795564516129007,Financial administrative occupations n.e.c.,41,138538.0,-0.07855207895354557
4123.0,711.5225806451612,-1.794254032258053,Bank and post office clerks,41,32128.0,-0.004809842460815424
4112.0,162.80161290322587,-0.26582661290322906,Local government administrative occupations,41,7504.0,-0.00016643877585173015
4132.0,501.6129032258064,-0.960685483870965,Pensions and insurance clerks and assistants,41,23172.0,-0.0018574108503661044
4113.0,183.49838709677422,-0.654637096774195,Officers of non-governmental organisations,41,8054.0,-0.00043992178345279826
4213.0,239.38548387096768,0.03739919354839122,School secretaries,42,11671.0,3.6419462877302844e-05
4215.0,1121.9790322580648,-9.179133064516149,Personal assistants and other secretaries,42,43639.0,-0.03342255799682521
4217.0,46.46290322580644,0.014919354838710167,Typists and related keyboard occupations,42,2272.0,2.8282747753998027e-06
4211.0,332.6145161290322,-0.2954637096774171,Medical secretaries,42,15609.0,-0.00038480655090397035
4214.0,70.21451612903225,0.1730846774193557,Company secretaries and administrators,42,3609.0,5.2120519401304446e-05
4212.0,301.65322580645153,-0.07560483870967176,Legal secretaries,42,14541.0,-9.1729092214899e-05
4216.0,2229.724193548387,1.7133064516129068,Receptionists,42,110056.0,0.015733016728768926
5119.0,132.7193548387097,-0.08629032258064638,Agricultural and fishing trades n.e.c.,51,6331.0,-4.558244702909622e-05
5111.0,41.0,-0.045866935483871,Farmers,51,1941.0,-7.42828383513791e-06
5114.0,246.91935483870972,-0.21068548387096983,Groundsmen and greenkeepers,51,11766.0,-0.0002068362655398519
5113.0,288.6483870967743,-0.7643145161290368,Gardeners and landscape gardeners,51,13064.0,-0.0008331275759845553
5112.0,65.97258064516132,-0.27802419354838825,Horticultural trades,51,2854.0,-6.620637176554959e-05
5245.0,361.4161290322581,-1.4539314516129072,Security system installers and repairers,52,15649.0,-0.0018984263438641983
5211.0,82.88548387096775,-0.1707661290322584,Sheet metal workers,52,3820.0,-5.442874575797485e-05
5234.0,45.901612903225804,0.02177419354838735,Aircraft maintenance and related trades,52,2256.0,4.0986836962112e-06
5223.0,3135.5887096774195,-8.385584677419356,Metal working production and maintenance fitters,52,142894.0,-0.09997941061114167
5225.0,293.3838709677418,-0.2603830645161223,Air-conditioning and refrigeration installers and repairers,52,13807.0,-0.00029996824953382016
5222.0,84.74677419354838,0.00625000000000035,"Tool makers, tool fitters and markers-out",52,4146.0,2.1620839109669032e-06
5212.0,89.34193548387097,0.038608870967741744,"Metal plate workers, smiths, moulders and related occupations",52,4400.0,1.4174345294964457e-05
5246.0,797.2887096774192,-0.6899193548387001,Electrical service and maintenance mechanics and repairers,52,37745.0,-0.0021728061824449834
5244.0,194.01935483870972,-0.9825604838709698,Computer system and equipment installers and servicers,52,8173.0,-0.0006700450802048597
5224.0,207.3516129032258,-0.9927419354838706,Precision instrument makers and repairers,52,8830.0,-0.0007314090020557071
5241.0,1482.174193548387,0.8948588709677511,Electricians and electrical fitters,52,72226.0,0.005392763083957007
5236.0,26.990322580645167,0.052016129032257906,Rail and rolling stock builders and repairers,52,1386.0,6.015399697763778e-06
5242.0,327.01290322580644,-1.7961693548387092,Telecoms and related network installers and repairers,52,13647.0,-0.0020452561342885743
5233.0,54.0741935483871,-0.2813508064516132,Vehicle paint technicians,52,2294.0,-5.3852368363195116e-05
5235.0,53.17258064516129,-0.22046370967741902,Boat and ship builders and repairers,52,2301.0,-4.2326948469832094e-05
5250.0,639.2145161290322,0.6080645161290431,"Skilled metal, electrical and electronic trades supervisors",52,31702.0,0.0016084203241580534
5221.0,716.7032258064518,0.3915322580645099,Metal machining setters and setter-operators,52,35190.0,0.0011496087106879413
5243.0,56.62096774193551,0.07258064516128859,"TV, video and audio servicers and repairers",52,2804.0,1.698095313855762e-05
5249.0,779.1354838709675,0.2813508064516303,Electrical and electronic trades n.e.c.,52,38158.0,0.000895770999129435
5213.0,555.1112903225809,-1.3708669354838865,Welding trades,52,25258.0,-0.0028890661805397017
5232.0,324.45483870967746,-1.9114919354838744,Vehicle body builders and repairers,52,13410.0,-0.0021387719409142
5231.0,2324.9467741935478,-3.8636088709677234,"Vehicle technicians, mechanics and electricians",52,107165.0,-0.0345469214684612
5214.0,74.22258064516127,0.16451612903225948,Pipe fitters,52,3799.0,5.214840211828351e-05
5322.0,167.62580645161293,0.059677419354837245,Floorers and wall tilers,53,8150.0,4.058175954138569e-05
5323.0,458.76935483870966,-3.7930443548387087,Painters and decorators,53,17763.0,-0.005621697424648298
5319.0,570.6774193548388,-1.1935483870967745,Construction and building trades n.e.c.,53,26173.0,-0.0026064942146667826
5330.0,283.16774193548383,-0.9409274193548355,Construction and building trades supervisors,53,12535.0,-0.0009841101080906671
5314.0,80.88709677419355,0.09828629032257984,"Roofers, roof tilers and slaters",53,4046.0,3.31804332048661e-05
5321.0,132.13548387096773,0.1583669354838706,Plasterers,53,6518.0,8.612755110122295e-05
5315.0,1164.159677419355,-0.25191532258063953,Plumbers and heating and ventilating installers and repairers,53,56478.0,-0.00118712683672496
5317.0,89.24516129032259,-0.2552419354838713,"Glaziers, window fabricators and fitters",53,4051.0,-8.62735169143308e-05
5313.0,154.70322580645166,-0.06512096774193829,Bricklayers,53,7354.0,-3.9958364231703154e-05
5316.0,699.3048387096775,-0.7372983870967801,Carpenters and joiners,53,33070.0,-0.0020344204310392662
5312.0,76.23387096774192,-0.04133064516128941,Stonemasons and related trades,53,3635.0,-1.253544713407899e-05
5311.0,37.18709677419355,-0.13014112903225827,Steel erectors,53,1668.0,-1.8112310150743604e-05
5431.0,69.60483870967742,-0.2893145161290333,Butchers,54,3032.0,-7.319183768189803e-05
5435.0,319.65,-1.011895161290321,Cooks,54,14196.0,-0.001198573688757322
5411.0,43.709677419354854,0.10836693548387008,Upholsterers,54,2256.0,2.03985415436433e-05
5433.0,17.691935483870967,0.05856854838709681,Fishmongers and poultry dressers,54,942.0,4.603398723370923e-06
5436.0,827.9080645161291,-0.10110887096774866,Catering and bar managers,54,39804.0,-0.00033579885297956795
5422.0,130.74516129032267,0.16965725806451162,Printers,54,6439.0,9.114945973370722e-05
5421.0,55.56290322580648,0.09284274193548193,Pre-press technicians,54,2794.0,2.164400321300367e-05
5423.0,81.458064516129,-0.09768145161290173,Print finishing and binding workers,54,3843.0,-3.132172839456614e-05
5449.0,295.52741935483874,-1.2123991935483884,Other skilled trades n.e.c.,54,12890.0,-0.0013039525442784961
5441.0,170.5774193548387,0.10252016129032351,"Glass and ceramics makers, decorators and finishers",54,8223.0,7.034007077119794e-05
5413.0,106.86451612903225,0.6440524193548393,Tailors and dressmakers,54,5846.0,0.00031415447967919727
5412.0,85.28225806451614,-0.12449596774193576,Footwear and leather working trades,54,4000.0,-4.1550715497937875e-05
5419.0,59.75483870967743,0.12973790322580592,"Textiles, garments and related trades n.e.c.",54,3021.0,3.2702490632651795e-05
5442.0,94.37258064516128,-0.17499999999999893,Furniture makers and other craft woodworkers,54,4392.0,-6.413034998433415e-05
5443.0,18.662903225806453,0.0180443548387097,Florists,54,942.0,1.4182588149456038e-06
5434.0,2801.141935483871,2.9140120967741914,Chefs,54,140323.0,0.0341179902866337
5432.0,142.82741935483872,-0.24173387096774268,Bakers and flour confectioners,54,6565.0,-0.00013241447621275746
6136.0,1328.3354838709677,0.9150201612903287,Senior care workers,61,65514.0,0.005001819433496434
6129.0,309.6612903225806,-1.5539314516129012,Animal care services occupations n.e.c.,61,13105.0,-0.0016991515347259728
6113.0,1938.3387096774195,7.454133064516122,Educational support assistants,61,103439.0,0.06433461174567329
6112.0,2502.840322580646,6.12590725806446,Teaching assistants,61,128702.0,0.06578379794412517
6111.0,1316.1064516129031,-0.81663306451612,Early education and childcare assistants,61,62836.0,-0.004281527333783196
6138.0,155.87096774193546,0.07913306451612957,"Undertakers, mortuary and crematorium assistants",61,7639.0,5.0437984578070425e-05
6132.0,196.48064516129034,-0.8385080645161306,Ambulance staff (excluding paramedics),61,8479.0,-0.0005932190773216502
6116.0,323.9096774193547,-1.1652217741935404,Nannies and au pairs,61,14222.0,-0.001382714432005478
6117.0,172.50806451612905,-0.3487903225806451,Playworkers,61,7867.0,-0.00022894797504556205
6121.0,54.40806451612902,-0.2876008064516124,Pest control officers,61,2296.0,-5.5096652481913974e-05
6131.0,2915.3258064516135,0.8364919354838256,Nursing auxiliaries and assistants,61,142942.0,0.009976652434273191
6133.0,499.4758064516129,0.767641129032258,Dental nurses,61,25012.0,0.0016020271998587261
6137.0,125.19838709677418,-0.01794354838709661,Care escorts,61,6030.0,-9.027944326428365e-06
6114.0,224.06129032258073,-0.99879032258065,Childminders,61,9625.0,-0.0008021180583204672
6134.0,441.2822580645161,-2.64163306451613,Houseparents and residential wardens,61,17985.0,-0.003964114260268811
6135.0,5329.477419354838,-7.4154233870967,Care workers and home carers,61,250391.0,-0.15492371294522175
6221.0,178.8322580645162,-0.6497983870967775,Hairdressers and barbers,62,7824.0,-0.0004242000356818053
6222.0,371.48709677419356,-1.3328629032258048,Beauticians and related occupations,62,16348.0,-0.0018180814663985635
6212.0,316.8645161290322,-1.5550403225806408,Travel agents,62,13408.0,-0.0017396780587311878
6214.0,147.37580645161285,-0.003830645161286459,Rail travel assistants,62,7142.0,-2.2827323852767107e-06
6219.0,68.84354838709677,-0.15806451612903197,Leisure and travel service occupations n.e.c.,62,3148.0,-4.151760950275555e-05
6213.0,119.71935483870966,-0.4678427419354829,Air travel assistants,62,5299.0,-0.0002068507241795136
6231.0,905.8064516129032,-1.9979838709677369,Housekeepers and related occupations,62,41405.0,-0.0069025251369043755
6240.0,706.9870967741933,-0.6010080645161161,Cleaning and housekeeping managers and supervisors,62,33566.0,-0.0016832286697164283
6250.0,8.64032258064516,0.009375000000000114,Bed and breakfast and guest house owners and proprietors,62,465.0,3.6373698212719466e-07
6232.0,405.6645161290322,-2.5672379032258066,Caretakers,62,16604.0,-0.003556657707816526
6211.0,364.9193548387097,-0.8901209677419354,Sports and leisure assistants,62,16542.0,-0.0012285710511784635
6311.0,12.95,-0.05584677419354836,Police community support officers,63,585.0,-2.7259456246410226e-06
6312.0,101.7967741935484,-0.2695564516129041,Parking and civil enforcement occupations,63,4640.0,-0.00010435924806487754
7111.0,3513.151612903225,-10.213608870967706,Sales and retail assistants,71,159311.0,-0.13576512262177956
7123.0,31.248387096774195,-0.13800403225806465,Roundspersons and van salespersons,71,1376.0,-1.5844313970637123e-05
7115.0,322.36129032258054,-2.2791330645161247,Vehicle and parts salespersons and advisers,71,12915.0,-0.002455994116647462
7124.0,50.94838709677419,-0.15856854838709664,Market and street traders and assistants,71,2285.0,-3.023197256433505e-05
7114.0,735.5935483870968,0.44979838709676806,Pharmacy and optical dispensing assistants,71,36104.0,0.0013549911049170118
7112.0,121.41290322580643,0.1460685483870982,Retail cashiers and check-out operators,71,6047.0,7.369871435559327e-05
7121.0,137.68870967741933,0.25181451612903405,Collector salespersons and credit agents,71,6970.0,0.00014644574910476312
7132.0,574.374193548387,-0.755241935483867,Sales supervisors - retail and wholesale,71,26938.0,-0.001697519121504686
7113.0,281.2935483870967,-1.0359879032258013,Telephone salespersons,71,12355.0,-0.001067973961071624
7125.0,45.398387096774194,0.04919354838709693,Visual merchandisers and related occupations,71,2267.0,9.305139747470997e-06
7131.0,313.2209677419355,-1.3746975806451605,Shopkeepers and owners - retail and wholesale,71,13607.0,-0.00156074798548337
7129.0,575.0532258064518,-1.3586693548387196,Sales related occupations n.e.c.,71,26142.0,-0.002963574301150968
7122.0,330.42903225806447,-0.7435483870967676,"Debt, rent and other cash collectors",71,15036.0,-0.0009328348934174608
7212.0,33.26451612903227,0.011693548387096117,Telephonists,72,1635.0,1.5952446763842991e-06
7213.0,213.16129032258058,-1.3906249999999967,Communication operators,72,8619.0,-0.0010000694098814616
7219.0,3882.5370967741937,-21.10917338709678,Customer service occupations n.e.c.,72,162729.0,-0.28661532813060964
7211.0,478.2225806451612,-4.657560483870965,Call and contact centre occupations,72,17491.0,-0.00679729898446821
7220.0,365.20161290322574,-0.7867943548387051,Customer service supervisors,72,16661.0,-0.0010937687966521108
7214.0,408.1322580645161,-3.6589717741935512,Market research interviewers,72,15493.0,-0.0047299637251824005
8139.0,338.09838709677416,-1.004637096774194,Plant and machine operatives n.e.c.,81,15085.0,-0.0012644968595935588
8159.0,773.0016129032258,0.434879032258068,Construction operatives n.e.c.,81,37908.0,0.0013755062576185112
8149.0,316.24999999999994,-0.9601814516129009,Assemblers and routine operatives n.e.c.,81,14078.0,-0.0011278659950868792
8111.0,1294.6064516129031,-6.9406250000000025,"Food, drink and tobacco process operatives",81,54512.0,-0.031568498531284836
8119.0,85.53870967741932,-0.19143145161290154,Process operatives n.e.c.,81,3921.0,-6.26286953507321e-05
8144.0,127.79838709677416,0.5831653225806469,"Weighers, graders and sorters",81,6849.0,0.00033325915381103333
8143.0,706.3806451612903,0.5820564516129033,Routine inspectors and testers,81,34850.0,0.001692509518276414
8151.0,134.99516129032259,0.04919354838709636,"Scaffolders, stagers and riggers",81,6576.0,2.699188309632491e-05
8120.0,330.9467741935484,-1.026915322580644,Metal working machine operatives,81,14720.0,-0.0012612630531993276
8133.0,193.55806451612904,-1.0404233870967747,Energy plant operatives,81,8097.0,-0.0007029063635415361
8115.0,603.1677419354838,-2.5306451612903245,Metal making and treating process operatives,81,25884.0,-0.005465449365504093
8160.0,106.45806451612899,-0.6758064516129009,"Production, factory and assembly supervisors",81,4369.0,-0.0002463585323024943
8114.0,71.35806451612903,0.1142137096774192,Plastics process operatives,81,3576.0,3.407838285772641e-05
8146.0,123.48225806451615,-0.06592741935483959,Sewing machinists,81,5908.0,-3.24989846485486e-05
8134.0,207.69677419354844,-1.2809475806451658,Water and sewerage plant operatives,81,8518.0,-0.0009103999462606292
8145.0,143.19677419354838,0.2926411290322588,"Tyre, exhaust and windscreen fitters",81,7292.0,0.00017805134290364895
8153.0,37.19193548387098,-0.11885080645161339,Rail construction and maintenance operatives,81,1671.0,-1.657073655039009e-05
8131.0,204.6854838709678,-1.078125000000003,Paper and wood machine operatives,81,8531.0,-0.0007674185427325008
8112.0,522.1112903225808,-1.2806451612903296,Textile process operatives,81,23726.0,-0.0025352253508270036
8113.0,289.14354838709676,-1.1289314516129025,Chemical and related process operatives,81,12609.0,-0.001187712827979647
8135.0,145.6532258064516,-0.10483870967741797,Printing machine assistants,81,6905.0,-6.040161905542244e-05
8152.0,132.77903225806452,-0.4075604838709667,Road construction operatives,81,5947.0,-0.0002022335649357874
8141.0,171.69516129032263,-0.6145161290322609,Assemblers (electrical and electronic products),81,7539.0,-0.00038655407811155184
8132.0,637.7854838709679,-1.6186491935483984,Mining and quarry workers and related operatives,81,28841.0,-0.0038951687711336123
8142.0,223.19999999999996,-1.198487903225804,Assemblers (vehicles and metal goods),81,9394.0,-0.000939393261716092
8234.0,77.22096774193547,-0.13427419354838566,Rail transport operatives,82,3583.0,-4.0142331286229524e-05
8215.0,192.5016129032258,-0.9834677419354826,Driving instructors,82,8045.0,-0.0006601602911540382
8221.0,84.31774193548387,-0.284979838709677,Crane drivers,82,3732.0,-8.873991355540167e-05
8239.0,273.4193548387097,-0.858366935483871,Other drivers and transport operatives n.e.c.,82,12172.0,-0.0008717624405836544
8212.0,363.09677419354836,-0.9480846774193534,Bus and coach drivers,82,16371.0,-0.0012950471072741753
8233.0,53.67419354838709,-0.23820564516128986,Air transport operatives,82,2318.0,-4.607111372322488e-05
8229.0,686.3596774193547,-1.827923387096768,Mobile machine drivers and operatives n.e.c.,82,30851.0,-0.004705334092783949
8222.0,733.5596774193548,-0.29102822580645277,Fork-lift truck drivers,82,35038.0,-0.0008508199211100317
8213.0,115.97096774193548,0.3022177419354844,Taxi and cab drivers and chauffeurs,82,5913.0,0.0001491046079871338
8219.0,510.0887096774192,-2.8281249999999942,Road transport drivers n.e.c.,82,21159.0,-0.0049929471529537115
8232.0,99.05161290322577,-0.334879032258063,Marine and waterways transport operatives,82,4453.0,-0.00012442392035731054
8231.0,45.225806451612904,0.058971774193548675,Train and tram drivers,82,2267.0,1.1154726951374062e-05
8211.0,1351.5870967741935,-15.077520161290327,Heavy and large goods vehicle drivers,82,47397.0,-0.05962714309843021
8214.0,2644.454838709677,0.40403225806455345,Delivery drivers and couriers,82,127315.0,0.004291991418872615
9132.0,340.3790322580646,-2.1809475806451655,"Packers, bottlers, canners and fillers",91,13802.0,-0.002511600034548668
9119.0,372.48548387096776,-1.00766129032258,Fishing and other elementary agriculture occupations n.e.c.,91,16761.0,-0.0014092165381456485
9129.0,1165.9790322580645,-11.133266129032256,Elementary construction occupations n.e.c.,91,43153.0,-0.040086377662857504
9121.0,9.18548387096774,0.07510080645161295,Groundworkers,91,561.0,3.515367163721785e-06
9112.0,108.04999999999998,-0.5837701612903219,Forestry and related workers,91,4516.0,-0.00021996777198657599
9139.0,504.63870967741946,-4.646774193548392,Elementary process plant occupations n.e.c.,91,18898.0,-0.007327075106992596
9131.0,323.92419354838705,-1.5819556451612884,Industrial cleaning process occupations,91,13781.0,-0.0018190233134571287
9111.0,291.6645161290322,-0.8757056451612903,Farm workers,91,13009.0,-0.0009505288282363134
9265.0,1302.6241935483872,3.2558467741935364,Bar staff,92,66789.0,0.018143962055926912
9259.0,212.0935483870968,0.02691532258064406,Elementary storage occupations n.e.c.,92,10248.0,2.3014520760506214e-05
9252.0,3445.411290322582,-14.954637096774256,Warehouse operatives,92,148430.0,-0.18520844944263107
9224.0,595.4387096774195,-0.8283266129032423,"Launderers, dry cleaners and pressers",92,27800.0,-0.0019213639621567637
9231.0,1643.527419354839,3.9786290322580578,Security guards and related occupations,92,84873.0,0.028175149602425887
9263.0,3481.4064516129038,-16.00020161290324,Kitchen and catering assistants,92,147469.0,-0.1968744782861884
9226.0,202.91451612903228,-0.7275201612903228,Vehicle valeters and cleaners,92,8906.0,-0.0005406185630455838
9222.0,54.98064516129031,-0.3193548387096771,Street cleaners,92,2296.0,-6.117987909663638e-05
9223.0,2966.7306451612903,2.106552419354829,Cleaners and domestics,92,146067.0,0.02567364963000741
9261.0,550.7129032258065,-0.4860887096774219,Bar and catering supervisors,92,26035.0,-0.001055932959040905
9225.0,188.0967741935484,-0.7605846774193561,Refuse and salvage occupations,92,8179.0,-0.0005190521688309405
9229.0,60.63548387096774,-0.03921370967741943,Elementary cleaning occupations n.e.c.,92,2834.0,-9.272588883305597e-06
9241.0,79.43870967741935,-0.13528225806451527,Shelf fillers,92,3648.0,-4.1177398300232974e-05
9211.0,346.74193548387103,-2.4611895161290356,"Postal workers, mail sorters and messengers",92,13857.0,-0.0028456239233906853
9262.0,34.08870967741935,-0.03427419354838719,Hospital porters,92,1608.0,-4.598503477132107e-06
9253.0,292.6193548387097,-0.3305443548387096,Delivery operatives,92,13681.0,-0.0003773208614750553
9219.0,452.00322580645155,-3.5712701612903195,Elementary administration occupations n.e.c.,92,17448.0,-0.0051991409048081074
9269.0,258.01935483870966,0.623790322580645,Other elementary services occupations n.e.c.,92,13285.0,0.0006914542041202348
9266.0,511.158064516129,-4.063306451612903,Coffee shop workers,92,19914.0,-0.00675151614355314
9221.0,154.77419354838707,-0.153729838709676,Window cleaners,92,7302.0,-9.366195748240017e-05
9249.0,22.04838709677419,0.004536290322580876,Elementary sales occupations n.e.c.,92,1098.0,4.155912657395163e-07
9233.0,120.18225806451613,1.1005040322580637,Exam invigilators,92,7099.0,0.000651856565705448
9267.0,685.2516129032258,1.7282258064516116,Leisure and theme park attendants,92,35033.0,0.005051740633153231
9251.0,355.524193548387,-0.9415322580645121,Elementary storage supervisors,92,16015.0,-0.0012581295909419145
9264.0,1456.8629032258063,2.5267137096774195,Waiters and waitresses,92,72677.0,0.01532202824774422
9232.0,334.5887096774193,-1.047883064516126,School midday and crossing patrol occupations,92,14851.0,-0.0012984694899925854
